,match_id,Home,Away,Datetime,HomePos,HomePts,AwayPos,AwayPts,Result,HomeMatches,AwayMatches,OddsH1,OddsD1,OddsA1,OddsH2,OddsD2,OddsA2,OddsH3,OddsD3,OddsA3,OddsH4,OddsD4,OddsA4,OddsH5,OddsD5,OddsA5,HNplayers,HAverageAge,HNforeign,HPlayerValues,HMarketValue,ANplayers,AAverageAge,ANforeign,APlayerValues,AMarketValue,HATT,HMID,HDEF,HOVR,HATT,HMID,HDEF,HOVR
0,443469,Bologna,Inter,08/30/2010 19:45:00,,,,,0-0,0,0,6.25,3.5,1.62,6.1,3.4,1.6,6,3.5,1.6,5,3.6,1.6,5.5,3.25,1.57,38,23.4,14,47.18,1.24,44,24.6,27,390.15,8.87,78,71,69,70,86,82,84,82
1,443470,Bari,Juventus,08/29/2010 17:00:00,0,0,0,0,1-0,0,0,4.33,3.25,1.91,3.8,3.3,1.95,3.8,3.3,1.95,3.2,3.2,2.1,3.6,3.1,1.91,46,24.2,15,63.45,1.38,51,24.5,15,332.43,6.52,76,74,71,73,79,80,78,79
2,443471,Udinese,Genoa,08/28/2010 17:00:00,,,,,0-1,0,0,2.4,3.1,3.1,2.3,3.1,3.1,2.35,3.1,3,2.4,3.1,2.8,2.25,3,2.88,40,23.2,23,112.55,2.81,45,23.8,22,168.7,3.75,79,74,73,74,77,77,76,77
3,443472,Sampdoria,Lazio,08/29/2010 19:45:00,,,,,2-0,0,0,2.1,3.1,3.75,2.1,3.1,3.5,2.1,3.2,3.5,2.1,3.1,3.3,2,3,3.5,46,23,14,129.15,2.81,44,25.6,22,116.25,2.64,83,77,75,76,78,75,75,75
4,443473,Roma,Cesena,08/28/2010 19:45:00,,,,,0-0,0,0,1.29,4.75,13,1.3,4.75,10,1.3,5,9,1.25,5,10,1.2,5,11,43,25.2,22,257,5.98,45,24.9,22,64.9,1.44,81,80,80,79,72,70,67,70
5,443474,Parma,Brescia,08/29/2010 19:45:00,,,,,2-0,0,0,1.83,3.25,4.75,1.8,3.2,4.65,1.8,3.3,4.5,1.8,3.4,4,1.67,3.3,4.5,43,24.2,13,103.43,2.41,43,24.7,19,49.1,1.14,76,74,73,74,72,68,69,69
6,443475,Palermo,Cagliari,08/29/2010 19:45:00,0,0,0,0,0-0,0,0,1.73,3.25,5.5,1.75,3.27,4.85,1.75,3.4,4.75,1.7,3.4,4.5,1.67,3.3,4.5,45,22.7,17,87.8,1.95,37,26.3,6,74.13,2,80,75,76,76,75,75,72,73
7,443477,Fiorentina,Napoli,08/29/2010 19:45:00,,,,,1-1,0,0,2.3,3.1,3.3,2.3,3.1,3.1,2.3,3.1,3.1,2.2,3.1,3.1,2.2,3,3,42,23.4,22,207.73,4.95,31,26.8,10,142.5,4.6,79,79,75,77,81,76,76,76
8,443478,Chievo,Catania,08/29/2010 19:45:00,,,,,2-1,0,0,2.2,3.1,3.5,2.15,2.9,3.7,2.15,3,3.6,2.1,3,3.4,2.1,3,3.2,43,25.7,21,55.2,1.28,35,25.3,17,68.7,1.96,72,73,72,72,77,73,71,72
9,443479,Napoli,Bari,09/12/2010 19:45:00,8,1,5,3,2-2,1,1,1.73,3.4,5.25,1.7,3.3,5.2,1.7,3.4,5,1.7,3.5,4.4,1.67,3.5,5.5,31,26.8,10,142.5,4.6,46,24.2,15,63.45,1.38,81,76,76,76,76,74,71,73
10,443481,Cesena,AC Milan,09/11/2010 19:45:00,11,1,1,3,2-0,1,1,7,3.75,1.53,6.75,3.9,1.48,6,3.75,1.55,5.5,3.9,1.5,7,4,1.5,45,24.9,22,64.9,1.44,45,26.2,22,361.35,8.03,72,70,67,70,83,80,80,80
11,443483,Catania,Parma,09/12/2010 14:00:00,15,0,2,3,2-1,1,1,2.25,3.1,3.4,2.2,3.1,3.25,2.25,3.1,3.25,2.2,3.1,3.1,2.4,3.2,3,35,25.3,17,68.7,1.96,43,24.2,13,103.43,2.41,77,73,71,72,76,74,73,74
12,443485,Cagliari,Roma,09/11/2010 19:45:00,10,1,13,1,5-1,1,1,3.25,3.1,2.3,3.15,3.2,2.2,3.25,3.1,2.25,2.8,3.2,2.3,3.3,3.3,2.2,37,26.3,6,74.13,2,43,25.2,22,257,5.98,75,75,72,73,81,80,80,79
13,443488,Genoa,Chievo,09/12/2010 14:00:00,6,3,4,3,1-3,1,1,1.7,3.5,5.25,1.67,3.5,5,1.7,3.5,5,1.6,3.6,5,1.73,3.5,5,45,23.8,22,168.7,3.75,43,25.7,21,55.2,1.28,77,77,76,77,72,73,72,72
14,443489,Udinese,Juventus,09/19/2010 14:00:00,20,0,15,1,0-4,2,2,3,3.2,2.4,2.9,3.1,2.4,2.9,3.1,2.45,2.6,3.1,2.55,2.8,3.25,2.5,40,23.2,23,112.55,2.81,51,24.5,15,332.43,6.52,79,74,73,74,79,80,78,79
15,443490,Sampdoria,Napoli,09/19/2010 19:45:00,3,4,14,2,1-2,2,2,2.25,3.2,3.25,2.2,3.15,3.2,2.2,3.1,3.3,2.1,3.2,3.2,2.2,3.25,3.3,46,23,14,129.15,2.81,31,26.8,10,142.5,4.6,83,77,75,76,81,76,76,76
16,443491,Roma,Bologna,09/19/2010 14:00:00,18,1,15,1,2-2,2,2,1.4,4.33,8,1.4,4,8.5,1.4,4,8.5,1.4,4.1,7,1.4,4.33,8.5,43,25.2,22,257,5.98,38,23.4,14,47.18,1.24,81,80,80,79,78,71,69,70
17,443492,Parma,Genoa,09/19/2010 14:00:00,8,3,12,3,1-1,2,2,2.35,3.2,3.1,2.3,3.1,3.1,2.3,3.1,3.1,2.3,3.2,2.8,2.38,3.25,3,43,24.2,13,103.43,2.41,45,23.8,22,168.7,3.75,76,74,73,74,77,77,76,77
18,443493,Palermo,Inter,09/19/2010 14:00:00,16,1,6,4,1-2,2,2,3.3,3.25,2.2,3.15,3.1,2.25,3.2,3.2,2.2,3.2,3.2,2.1,3.3,3.25,2.2,45,22.7,17,87.8,1.95,44,24.6,27,390.15,8.87,80,75,76,76,86,82,84,82
19,443495,AC Milan,Catania,09/18/2010 19:45:00,7,3,9,3,1-1,2,2,1.3,4.75,11,1.3,5,9,1.3,4.75,10,1.3,4.8,8.5,1.3,5,11,45,26.2,22,361.35,8.03,35,25.3,17,68.7,1.96,83,80,80,80,77,73,71,72
20,443497,Fiorentina,Lazio,09/18/2010 17:00:00,17,1,10,3,1-2,2,2,2.05,3.25,3.75,2.05,3.15,3.6,2,3.2,3.75,2,3.2,3.4,2,3.3,3.8,42,23.4,22,207.73,4.95,44,25.6,22,116.25,2.64,79,79,75,77,78,75,75,75
21,443498,Genoa,Fiorentina,09/22/2010 19:45:00,14,4,19,1,1-1,3,3,2.2,3.1,3.4,2.05,3.25,3.5,2.1,3.2,3.5,2.15,3.2,3.1,2.1,3.25,3.6,45,23.8,22,168.7,3.75,42,23.4,22,207.73,4.95,77,77,76,77,79,79,75,77
22,443499,Chievo,Brescia,09/19/2010 14:00:00,1,6,11,3,0-1,2,2,1.91,3.3,4.2,1.9,3.15,4.15,1.95,3.2,4,1.8,3.4,4,1.91,3.25,4.33,43,25.7,21,55.2,1.28,43,24.7,19,49.1,1.14,72,73,72,72,72,68,69,69
23,443500,Catania,Cesena,09/22/2010 19:45:00,13,4,1,7,2-0,3,3,2.05,3.1,3.9,2,3.25,3.65,2,3.2,3.75,2.1,3.1,3.3,2,3.4,3.75,35,25.3,17,68.7,1.96,45,24.9,22,64.9,1.44,77,73,71,72,72,70,67,70
24,443501,Cesena,Lecce,09/19/2010 14:00:00,4,4,13,3,1-0,2,2,2,3.25,3.9,1.95,3.15,4,1.95,3.2,4,2,3.2,3.4,2,3.3,3.8,45,24.9,22,64.9,1.44,37,24.1,15,35.5,0.959,72,70,67,70,70,71,68,70
25,443502,Cagliari,Sampdoria,09/22/2010 19:45:00,6,5,11,4,0-0,3,3,2.4,3.1,3.1,2.4,3.2,2.85,2.4,3.1,3,2.3,3.2,2.8,2.38,3.25,3,37,26.3,6,74.13,2,46,23,14,129.15,2.81,75,75,72,73,83,77,75,76
26,443503,Bari,Cagliari,09/19/2010 11:30:00,5,4,2,4,0-0,2,2,1.95,3.3,4,1.9,3.2,4.1,1.95,3.2,4,2,3.2,3.4,2,3.3,3.8,46,24.2,15,63.45,1.38,37,26.3,6,74.13,2,76,74,71,73,75,75,72,73
27,443505,Napoli,Chievo,09/22/2010 19:45:00,7,5,3,6,1-3,3,3,1.67,3.4,5.75,1.65,3.35,5.65,1.67,3.4,5.5,1.7,3.5,4.4,1.62,3.6,6,31,26.8,10,142.5,4.6,43,25.7,21,55.2,1.28,81,76,76,76,72,73,72,72
28,443506,Bologna,Udinese,09/22/2010 19:45:00,17,2,20,0,2-1,3,3,2.5,3.1,2.9,2.35,3.15,2.95,2.45,3.1,2.9,2.4,3.2,2.7,2.3,3.2,3.2,38,23.4,14,47.18,1.24,40,23.2,23,112.55,2.81,78,71,69,70,79,74,73,74
29,443507,Lecce,Parma,09/22/2010 19:45:00,15,3,12,4,1-1,3,3,2.5,3,3,2.35,3.15,2.95,2.5,3.1,2.8,2.2,3.1,3.1,2.38,3.25,3,37,24.1,15,35.5,0.959,43,24.2,13,103.43,2.41,70,71,68,70,76,74,73,74
30,443508,Sampdoria,Udinese,09/26/2010 14:00:00,9,5,20,0,0-0,4,4,1.75,3.3,4.5,1.8,3.3,4.45,1.8,3.4,4.33,1.8,3.4,4,1.73,3.5,5,46,23,14,129.15,2.81,40,23.2,23,112.55,2.81,83,77,75,76,79,74,73,74
31,443509,Lazio,AC Milan,09/22/2010 19:45:00,4,6,10,4,1-1,3,3,3.5,3.1,2.2,3.4,3.2,2.1,3.2,3.1,2.25,3,3.2,2.2,3.25,3.25,2.25,44,25.6,22,116.25,2.64,45,26.2,22,361.35,8.03,78,75,75,75,83,80,80,80
32,443510,Roma,Inter,09/25/2010 19:45:00,19,2,1,10,1-0,4,4,3.4,3.2,2.2,3.3,3.2,2.15,3.2,3.2,2.2,2.8,3.2,2.3,3.3,3.3,2.2,43,25.2,22,257,5.98,44,24.6,27,390.15,8.87,81,80,80,79,86,82,84,82
33,443512,AC Milan,Genoa,09/25/2010 17:00:00,8,5,13,5,1-0,4,4,1.67,3.5,5.5,1.6,3.45,5.9,1.65,3.5,5.5,1.55,3.7,5.4,1.57,3.75,6,45,26.2,22,361.35,8.03,45,23.8,22,168.7,3.75,83,80,80,80,77,77,76,77
34,443513,Juventus,Cagliari,09/26/2010 19:45:00,15,4,7,6,4-2,4,4,1.6,3.6,6,1.57,3.5,6.2,1.7,3.25,5.5,1.65,3.5,4.6,1.67,3.5,5.5,51,24.5,15,332.43,6.52,37,26.3,6,74.13,2,79,80,78,79,75,75,72,73
35,443514,Fiorentina,Parma,09/26/2010 14:00:00,18,2,10,5,2-0,4,4,1.95,3.2,4.2,1.95,3.3,3.75,1.95,3.25,4,2.05,3.2,3.3,2,3.3,3.75,42,23.4,22,207.73,4.95,43,24.2,13,103.43,2.41,79,79,75,77,76,74,73,74
36,443515,Chievo,Lazio,09/26/2010 14:00:00,2,9,5,7,0-1,4,4,2.5,3,3,2.35,3.15,2.95,2.45,3.1,2.9,2.5,3.2,2.6,2.38,3.25,3,43,25.7,21,55.2,1.28,44,25.6,22,116.25,2.64,72,73,72,72,78,75,75,75
37,443516,Cesena,Napoli,09/26/2010 11:30:00,6,7,11,5,1-4,4,4,3,3,2.5,2.95,3.15,2.35,3,3.05,2.4,2.6,3.2,2.5,3,3.2,2.4,45,24.9,22,64.9,1.44,31,26.8,10,142.5,4.6,72,70,67,70,81,76,76,76
38,443517,Genoa,Bari,10/03/2010 14:00:00,17,5,8,8,2-1,5,5,1.91,3.25,4.33,1.95,3.25,3.8,1.95,3.2,4,1.9,3.3,3.7,2,3.2,4,45,23.8,22,168.7,3.75,46,24.2,15,63.45,1.38,77,77,76,77,76,74,71,73
39,443519,Fiorentina,Palermo,10/03/2010 14:00:00,15,5,14,5,1-2,5,5,2,3.25,3.9,1.95,3.25,3.85,2.05,3.2,3.6,2.1,3.2,3.2,2,3.4,3.75,42,23.4,22,207.73,4.95,45,22.7,17,87.8,1.95,79,79,75,77,80,75,76,76
40,443521,Roma,Genoa,10/16/2010 19:45:00,19,5,10,8,2-1,6,6,1.91,3.25,4.33,1.91,3.4,4.33,1.9,3.3,4,1.9,3.3,3.7,1.73,3.2,4.33,43,25.2,22,257,5.98,45,23.8,22,168.7,3.75,81,80,80,79,77,77,76,77
41,443522,Chievo,Cagliari,10/03/2010 14:00:00,3,9,11,6,0-0,5,5,2.25,3.1,3.4,2.25,2.95,3.35,2.2,3.1,3.3,2.2,3.1,3.1,2.25,3.2,3.3,43,25.7,21,55.2,1.28,37,26.3,6,74.13,2,72,73,72,72,75,75,72,73
42,443523,Bari,Brescia,09/26/2010 14:00:00,14,5,3,9,2-1,4,4,1.91,3.2,4.33,1.95,3.2,3.9,1.9,3.25,4.1,2,3.2,3.4,2,3.2,4,46,24.2,15,63.45,1.38,43,24.7,19,49.1,1.14,76,74,71,73,72,68,69,69
43,443526,Lecce,Catania,10/03/2010 11:30:00,19,5,7,8,1-0,5,5,2.38,3.1,3.1,2.4,2.95,3.05,2.35,3,3.2,2.3,3.1,2.9,2.4,3.1,3.1,37,24.1,15,35.5,0.959,35,25.3,17,68.7,1.96,70,71,68,70,77,73,71,72
44,443527,Juventus,Lecce,10/17/2010 14:00:00,7,8,12,8,4-0,6,6,1.36,4.5,9,1.33,4.5,9.15,1.36,4.5,8.5,1.4,4.1,7,1.33,4,8,51,24.5,15,332.43,6.52,37,24.1,15,35.5,0.959,79,80,78,79,70,71,68,70
45,443528,AC Milan,Chievo,10/16/2010 17:00:00,4,11,5,10,3-1,6,6,1.44,4,8,1.42,4,7.65,1.5,3.75,7,1.45,3.9,6.5,1.33,4,8,45,26.2,22,361.35,8.03,43,25.7,21,55.2,1.28,83,80,80,80,72,73,72,72
46,443529,Napoli,Roma,10/03/2010 14:00:00,6,8,18,5,2-0,5,5,2.4,3.1,3.1,2.4,3.15,2.9,2.3,3.1,3.1,2.4,3.2,2.7,2.3,3.25,3.1,31,26.8,10,142.5,4.6,43,25.2,22,257,5.98,81,76,76,76,81,80,80,79
47,443530,Cesena,Parma,10/17/2010 14:00:00,16,7,18,5,1-1,6,6,2.5,3,3,2.5,3,2.85,2.5,3,2.9,2.5,3.1,2.7,2.38,3.2,2.6,45,24.9,22,64.9,1.44,43,24.2,13,103.43,2.41,72,70,67,70,76,74,73,74
48,443531,Parma,AC Milan,10/02/2010 19:45:00,16,5,5,8,0-1,5,5,3.8,3.3,2,3.5,3.25,2.05,3.6,3.2,2.05,3.4,3.2,2,3.6,3.25,2.1,43,24.2,13,103.43,2.41,45,26.2,22,361.35,8.03,76,74,73,74,83,80,80,80
49,443532,Udinese,Cesena,10/02/2010 17:00:00,20,1,10,7,1-0,5,5,1.75,3.5,4.75,1.68,3.45,5.05,1.75,3.4,4.75,1.75,3.4,4.3,1.73,3.5,5,40,23.2,23,112.55,2.81,45,24.9,22,64.9,1.44,79,74,73,74,72,70,67,70
50,443534,Inter,Juventus,10/03/2010 19:45:00,1,10,9,7,0-0,5,5,1.75,3.4,5,1.78,3.4,4.45,1.8,3.25,4.5,1.85,3.25,4,1.83,3.4,4.5,44,24.6,27,390.15,8.87,51,24.5,15,332.43,6.52,86,82,84,82,79,80,78,79
51,443535,Inter,Sampdoria,10/24/2010 19:45:00,3,14,7,10,1-1,7,7,1.57,3.75,6,1.6,3.4,6.05,1.57,3.6,6.25,1.5,3.8,5.7,1.5,3.5,6,44,24.6,27,390.15,8.87,46,23,14,129.15,2.81,86,82,84,82,83,77,75,76
52,443536,Genoa,Catania,10/24/2010 14:00:00,11,8,9,9,1-0,7,7,1.8,3.2,5,1.75,3.3,4.8,1.77,3.3,4.75,1.75,3.4,4.3,1.73,3.2,4.33,45,23.8,22,168.7,3.75,35,25.3,17,68.7,1.96,77,77,76,77,77,73,71,72
53,443537,Catania,Napoli,10/17/2010 14:00:00,9,8,3,11,1-1,6,6,2.88,3,2.63,2.7,3.05,2.6,2.65,3,2.7,2.7,3.1,2.5,2.6,3,2.5,35,25.3,17,68.7,1.96,31,26.8,10,142.5,4.6,77,73,71,72,81,76,76,76
54,443539,Cagliari,Inter,10/17/2010 11:30:00,13,7,2,11,0-1,6,6,4,3.2,2,3.75,3.15,2,3.75,3.2,2,3.7,3.3,1.9,3.75,3.2,1.83,37,26.3,6,74.13,2,44,24.6,27,390.15,8.87,75,75,72,73,86,82,84,82
55,443540,Bologna,Juventus,10/24/2010 14:00:00,17,7,5,11,1-1,7,7,4.2,3.5,1.85,3.9,3.5,1.85,4.1,3.4,1.85,3.8,3.4,1.85,4,3.2,1.8,38,23.4,14,47.18,1.24,51,24.5,15,332.43,6.52,78,71,69,70,79,80,78,79
56,443541,Brescia,Udinese,10/17/2010 14:00:00,6,9,20,4,0-1,6,6,2.7,3,2.8,2.55,3.2,2.65,2.5,3.1,2.8,2.5,3.1,2.7,2.38,3,2.75,43,24.7,19,49.1,1.14,40,23.2,23,112.55,2.81,72,68,69,69,79,74,73,74
57,443543,Bari,Lazio,10/17/2010 19:45:00,11,8,1,13,0-2,6,6,2.7,3,2.8,2.6,3.1,2.65,2.5,3,2.9,2.55,3.2,2.55,2.5,3,2.6,46,24.2,15,63.45,1.38,44,25.6,22,116.25,2.64,76,74,71,73,78,75,75,75
58,443544,Parma,Chievo,10/31/2010 13:00:00,20,7,4,13,0-0,8,8,2.1,3.2,3.6,2.05,3.15,3.6,2.05,3.1,3.75,2.1,3.15,3.25,2.2,3.2,3.4,43,24.2,13,103.43,2.41,43,25.7,21,55.2,1.28,76,74,73,74,72,73,72,72
59,443545,Napoli,AC Milan,10/25/2010 19:45:00,4,12,2,14,1-2,7,7,2.9,3.1,2.5,2.75,3.05,2.55,2.8,3.1,2.5,2.7,3.2,2.4,2.6,3,2.5,31,26.8,10,142.5,4.6,45,26.2,22,361.35,8.03,81,76,76,76,83,80,80,80
60,443546,Palermo,Lazio,10/31/2010 10:30:00,7,11,1,19,0-1,8,8,2.2,3.2,3.4,2.3,3.25,3.25,2.3,3.1,3.1,2.35,3.2,2.75,2.3,3.3,3.1,45,22.7,17,87.8,1.95,44,25.6,22,116.25,2.64,80,75,76,76,78,75,75,75
61,443547,Parma,Roma,10/24/2010 11:30:00,19,6,14,8,0-0,7,7,3,3.2,2.38,2.9,3.2,2.35,3.1,3.1,2.35,2.8,3.2,2.3,2.6,3.2,2.38,43,24.2,13,103.43,2.41,43,25.2,22,257,5.98,76,74,73,74,81,80,80,79
62,443550,Genoa,Inter,10/29/2010 19:45:00,9,11,3,15,0-1,8,8,4,3.2,2,3.75,3.25,2.1,3.75,3.1,2.05,3.2,3.2,2.1,4,3.2,2,45,23.8,22,168.7,3.75,44,24.6,27,390.15,8.87,77,77,76,77,86,82,84,82
63,443551,Chievo,Cesena,10/24/2010 14:00:00,8,10,12,8,2-1,7,7,1.85,3.25,4.6,1.85,3.2,4.35,1.85,3.2,4.5,1.85,3.4,3.8,1.8,3.2,4,43,25.7,21,55.2,1.28,45,24.9,22,64.9,1.44,72,73,72,72,72,70,67,70
64,443552,Cesena,Sampdoria,10/31/2010 13:00:00,16,8,8,11,0-1,8,8,3.2,3,2.4,2.95,3,2.45,3,3,2.45,2.8,3.1,2.4,2.88,3.2,2.5,45,24.9,22,64.9,1.44,46,23,14,129.15,2.81,72,70,67,70,83,77,75,76
65,443553,Lecce,Brescia,10/24/2010 14:00:00,15,8,10,9,2-1,7,7,2.38,2.88,3.4,2.3,3.05,3.15,2.3,3,3.25,2.3,3.2,2.8,2.2,3.2,2.8,37,24.1,15,35.5,0.959,43,24.7,19,49.1,1.14,70,71,68,70,72,68,69,69
66,443555,Bari,Udinese,10/31/2010 13:00:00,18,8,11,10,0-2,8,8,2.55,3.1,2.88,2.45,3.1,2.85,2.6,3.1,2.75,2.4,3.2,2.7,2.4,3.25,2.88,46,24.2,15,63.45,1.38,40,23.2,23,112.55,2.81,76,74,71,73,79,74,73,74
67,443556,Fiorentina,Chievo,11/07/2010 11:30:00,15,9,7,14,1-0,9,9,1.73,3.5,5,1.75,3.3,4.8,1.75,3.3,5,1.8,3.25,4.2,1.83,3.4,4.5,42,23.4,22,207.73,4.95,43,25.7,21,55.2,1.28,79,79,75,77,72,73,72,72
68,443557,Napoli,Parma,11/07/2010 13:00:00,5,15,17,8,2-0,9,9,1.62,3.75,5.5,1.62,3.45,5.65,1.65,3.4,5.75,1.65,3.4,4.8,1.67,3.5,5.5,31,26.8,10,142.5,4.6,43,24.2,13,103.43,2.41,81,76,76,76,76,74,73,74
69,443558,Bologna,Lecce,11/06/2010 16:00:00,19,8,11,11,2-0,9,9,1.91,3.25,4.33,1.9,3.1,4.25,1.9,3.2,4.2,1.9,3.15,3.9,1.91,3.2,4.33,38,23.4,14,47.18,1.24,37,24.1,15,35.5,0.959,78,71,69,70,70,71,68,70
70,443560,Bari,AC Milan,11/07/2010 13:00:00,20,8,3,17,2-3,9,9,4.33,3.25,1.91,4.25,3.3,1.85,4.2,3.2,1.9,3.9,3.3,1.85,4.5,3.4,1.83,46,24.2,15,63.45,1.38,45,26.2,22,361.35,8.03,76,74,71,73,83,80,80,80
71,443561,Sampdoria,Catania,11/07/2010 13:00:00,6,14,14,10,0-0,9,9,1.83,3.4,4.5,1.8,3.25,4.55,1.9,3.2,4.2,1.85,3.2,4.1,1.83,3.4,4.5,46,23,14,129.15,2.81,35,25.3,17,68.7,1.96,83,77,75,76,77,73,71,72
72,443565,Lecce,Inter,11/10/2010 18:45:00,16,11,3,19,1-1,10,10,5.5,3.3,1.73,5.5,3.4,1.65,5.25,3.25,1.72,4.1,3.3,1.8,5,3.3,1.62,37,24.1,15,35.5,0.959,44,24.6,27,390.15,8.87,70,71,68,70,86,82,84,82
73,443566,Cagliari,Bologna,10/31/2010 13:00:00,19,7,16,8,2-0,8,8,1.85,3.4,4.33,1.85,3.2,4.35,1.9,3.3,4,2,3,3.6,1.91,3.25,4.2,37,26.3,6,74.13,2,38,23.4,14,47.18,1.24,75,75,72,73,78,71,69,70
74,443567,Lazio,Roma,11/07/2010 13:00:00,1,22,9,12,0-2,9,9,2.5,3.1,2.9,2.4,3.1,2.95,2.45,3.1,2.9,2.4,3.1,2.8,2.38,3.25,3,44,25.6,22,116.25,2.64,43,25.2,22,257,5.98,78,75,75,75,81,80,80,79
75,443568,Parma,Sampdoria,11/11/2010 18:45:00,18,8,6,15,1-0,10,10,2.38,3.1,3.1,2.3,3.1,3.1,2.4,3.1,3,2.5,3,2.75,2.38,3,2.75,43,24.2,13,103.43,2.41,46,23,14,129.15,2.81,76,74,73,74,83,77,75,76
76,443569,Brescia,Napoli,10/31/2010 13:00:00,12,9,6,12,0-1,8,8,3.2,3,2.4,2.95,3,2.45,3,3,2.45,2.8,3.1,2.4,2.88,3.2,2.5,43,24.7,19,49.1,1.14,31,26.8,10,142.5,4.6,72,68,69,69,81,76,76,76
77,443570,Juventus,Cesena,11/07/2010 13:00:00,4,15,18,8,3-1,9,9,1.36,4.5,9,1.3,4.7,9.75,1.35,4.5,9,1.32,4.8,8.5,1.3,5,11,51,24.5,15,332.43,6.52,45,24.9,22,64.9,1.44,79,80,78,79,72,70,67,70
78,443571,Roma,Fiorentina,11/10/2010 19:45:00,7,15,11,12,3-2,10,10,1.83,3.4,4.5,1.78,3.3,4.55,1.8,3.3,4.5,1.8,3.3,4.1,1.8,3.2,4,43,25.2,22,257,5.98,42,23.4,22,207.73,4.95,81,80,80,79,79,79,75,77
79,443572,Inter,Brescia,11/06/2010 18:45:00,2,18,15,9,1-1,9,9,1.25,5,15,1.25,5.3,10.5,1.25,5,13,1.25,5,10,1.25,5.5,12,44,24.6,27,390.15,8.87,43,24.7,19,49.1,1.14,86,82,84,82,72,68,69,69
80,443573,Genoa,Bologna,11/10/2010 18:45:00,14,11,15,11,1-0,10,10,1.73,3.5,5,1.68,3.5,5,1.67,3.5,5.25,1.75,3.4,4.3,1.73,3.2,4.33,45,23.8,22,168.7,3.75,38,23.4,14,47.18,1.24,77,77,76,77,78,71,69,70
81,443574,Chievo,Bari,11/10/2010 18:45:00,9,14,20,8,0-0,10,10,2.05,3.2,3.75,2,3.2,3.7,2.05,3.2,3.6,1.9,3.2,3.8,1.91,3.2,3.5,43,25.7,21,55.2,1.28,46,24.2,15,63.45,1.38,72,73,72,72,76,74,71,73
82,443575,Cesena,Lazio,11/10/2010 18:45:00,19,8,1,22,1-0,10,10,3.5,3.1,2.2,3.35,3.15,2.15,3.5,3.1,2.15,3.1,3.1,2.2,3,3.2,2.1,45,24.9,22,64.9,1.44,44,25.6,22,116.25,2.64,72,70,67,70,78,75,75,75
83,443576,Catania,Udinese,11/10/2010 18:45:00,13,11,10,14,1-0,10,10,2.6,3.1,2.8,2.45,3.15,2.8,2.5,3.1,2.8,2.4,3,2.9,2.38,3,2.75,35,25.3,17,68.7,1.96,40,23.2,23,112.55,2.81,77,73,71,72,79,74,73,74
84,443577,Cagliari,Napoli,11/10/2010 18:45:00,12,11,5,18,0-1,10,10,2.5,3.1,2.9,2.6,3.1,2.65,2.6,3.1,2.7,2.6,3,2.6,2.5,3,2.6,37,26.3,6,74.13,2,31,26.8,10,142.5,4.6,75,75,72,73,81,76,76,76
85,443578,Brescia,Juventus,11/10/2010 18:45:00,17,10,4,18,1-1,10,10,4.75,3.3,1.8,4.3,3.4,1.8,4.2,3.4,1.85,4.1,3.3,1.8,4.33,3.2,1.73,43,24.7,19,49.1,1.14,51,24.5,15,332.43,6.52,72,68,69,69,79,80,78,79
86,443579,Palermo,Catania,11/14/2010 13:00:00,9,14,10,14,3-1,11,11,1.8,3.3,5,1.75,3.3,4.8,1.8,3.3,4.5,1.8,3.2,4.3,1.8,3.5,4.5,45,22.7,17,87.8,1.95,35,25.3,17,68.7,1.96,80,75,76,76,77,73,71,72
87,443582,Catania,Bari,11/21/2010 13:00:00,13,14,20,9,1-0,12,12,1.57,3.6,6.5,1.6,3.55,5.75,1.62,3.6,5.5,1.6,3.6,5,1.62,3.5,6,35,25.3,17,68.7,1.96,46,24.2,15,63.45,1.38,77,73,71,72,76,74,71,73
88,443583,Juventus,Roma,11/13/2010 18:45:00,5,19,6,18,1-1,11,11,2.2,3.2,3.4,2.1,3.25,3.35,2.2,3.2,3.2,2,3.2,3.4,2.1,3.3,3.5,51,24.5,15,332.43,6.52,43,25.2,22,257,5.98,79,80,78,79,81,80,80,79
89,443585,Inter,AC Milan,11/14/2010 18:45:00,4,20,1,23,0-1,11,11,2.6,3.2,2.75,2.5,3.2,2.7,2.6,3.1,2.7,2.6,3,2.6,2.5,3.2,2.88,44,24.6,27,390.15,8.87,45,26.2,22,361.35,8.03,86,82,84,82,83,80,80,80
90,443586,Chievo,Inter,11/21/2010 13:00:00,11,16,5,20,2-1,12,12,4.2,3.2,1.95,4.33,3.3,1.83,4.25,3.2,1.9,3.5,3.1,2,3.6,3.2,2.1,43,25.7,21,55.2,1.28,44,24.6,27,390.15,8.87,72,73,72,72,86,82,84,82
91,443589,Cagliari,Genoa,11/14/2010 13:00:00,17,11,10,14,0-1,11,11,2.2,3.2,3.3,2.25,3.15,3.1,2.25,3.1,3.2,2.35,3,2.9,2.2,3.25,3.3,37,26.3,6,74.13,2,45,23.8,22,168.7,3.75,75,75,72,73,77,77,76,77
92,443591,Bologna,Brescia,11/14/2010 13:00:00,18,11,17,11,1-0,11,11,2.05,3.25,3.75,2.05,3.15,3.6,2.05,3.2,3.6,2,3.1,3.5,2.1,3.3,3.5,38,23.4,14,47.18,1.24,43,24.7,19,49.1,1.14,78,71,69,70,72,68,69,69
93,443593,Bari,Parma,11/14/2010 13:00:00,20,9,16,11,0-1,11,11,2.3,3.2,3.1,2.2,3.15,3.2,2.25,3.1,3.2,,,,2.1,3.3,3.5,46,24.2,15,63.45,1.38,43,24.2,13,103.43,2.41,76,74,71,73,76,74,73,74
94,443595,Sampdoria,Chievo,11/14/2010 13:00:00,8,15,7,15,0-0,11,11,1.91,3.3,4.2,1.85,3.3,4.15,1.95,3.2,4,,,,1.91,3.25,4.33,46,23,14,129.15,2.81,43,25.7,21,55.2,1.28,83,77,75,76,72,73,72,72
95,443597,Genoa,Juventus,11/21/2010 11:30:00,9,17,4,20,0-2,12,12,2.8,3,2.7,2.8,3.1,2.5,2.75,3.1,2.6,2.7,3.05,2.5,2.88,3.2,2.5,45,23.8,22,168.7,3.75,51,24.5,15,332.43,6.52,77,77,76,77,79,80,78,79
96,443598,Lazio,Catania,11/28/2010 13:00:00,2,26,10,17,1-1,13,13,1.67,3.5,5.5,1.65,3.4,5.45,1.65,3.5,5.5,1.6,3.5,5.2,1.62,3.3,5,44,25.6,22,116.25,2.64,35,25.3,17,68.7,1.96,78,75,75,75,77,73,71,72
97,443599,Parma,Lazio,11/21/2010 13:00:00,15,14,2,25,1-1,12,12,2.63,3,2.88,2.65,3.05,2.65,2.6,3,2.75,2.6,3,2.6,2.6,3.1,2.8,43,24.2,13,103.43,2.41,44,25.6,22,116.25,2.64,76,74,73,74,78,75,75,75
98,443600,Juventus,Fiorentina,11/27/2010 18:45:00,4,23,13,15,1-1,13,13,1.67,3.6,5.5,1.7,3.6,5.5,1.65,3.5,5.5,1.65,3.4,4.7,1.62,3.3,5,51,24.5,15,332.43,6.52,42,23.4,22,207.73,4.95,79,80,78,79,79,79,75,77
99,443601,Inter,Parma,11/28/2010 10:30:00,6,20,14,15,5-2,13,13,1.67,3.5,5.5,1.65,3.5,5.25,1.7,3.4,5.25,1.6,3.5,5.2,1.57,3.5,5,44,24.6,27,390.15,8.87,43,24.2,13,103.43,2.41,86,82,84,82,76,74,73,74
100,443602,Bari,Cesena,11/28/2010 13:00:00,20,9,19,11,1-1,13,13,1.91,3.3,4.2,1.95,3.15,4,1.95,3.2,4,1.9,3.2,3.8,1.83,3.2,3.75,46,24.2,15,63.45,1.38,45,24.9,22,64.9,1.44,76,74,71,73,72,70,67,70
101,443603,Bologna,Chievo,12/08/2010 13:00:00,16,16,10,20,2-1,14,14,2.4,3.1,3.1,2.4,3.1,2.95,2.4,3,3.1,2.5,3,2.7,2.6,3.1,2.8,38,23.4,14,47.18,1.24,43,25.7,21,55.2,1.28,78,71,69,70,72,73,72,72
102,443604,Catania,Juventus,12/05/2010 18:45:00,11,18,3,24,1-3,14,14,3.4,3.2,2.2,3.4,3.1,2.15,3.5,3,2.2,3.1,3.1,2.2,3.4,3.2,2.2,35,25.3,17,68.7,1.96,51,24.5,15,332.43,6.52,77,73,71,72,79,80,78,79
103,443605,Udinese,Napoli,11/28/2010 13:00:00,11,17,3,24,3-1,13,13,2.5,3,3,2.5,3,2.85,2.5,3,2.9,2.5,3,2.75,2.38,3.2,2.6,40,23.2,23,112.55,2.81,31,26.8,10,142.5,4.6,79,74,73,74,81,76,76,76
104,443606,Cesena,Bologna,12/05/2010 13:00:00,18,12,16,13,0-2,14,13,2.2,3,3.6,2.15,3.1,3.4,2.2,3.1,3.4,2.1,3.1,3.3,2.25,3.2,3.2,45,24.9,22,64.9,1.44,38,23.4,14,47.18,1.24,72,70,67,70,78,71,69,70
105,443607,Sampdoria,AC Milan,11/27/2010 16:00:00,8,19,1,29,1-1,13,13,3.6,3.1,2.15,3.35,3.25,2.1,3.5,3.2,2.1,3.3,3.1,2.1,3,3.2,2.1,46,23,14,129.15,2.81,45,26.2,22,361.35,8.03,83,77,75,76,83,80,80,80
106,443608,AC Milan,Brescia,12/04/2010 18:45:00,1,30,17,12,3-0,14,14,1.25,5.5,12,1.25,5.5,9.75,1.25,5.5,10,1.22,5.3,11,1.25,5.5,12,45,26.2,22,361.35,8.03,43,24.7,19,49.1,1.14,83,80,80,80,72,68,69,69
107,443609,Brescia,Genoa,11/28/2010 13:00:00,18,11,12,17,0-0,13,13,3,3,2.5,2.8,3.1,2.5,2.75,3.1,2.55,2.6,3,2.6,2.6,3,2.5,43,24.7,19,49.1,1.14,45,23.8,22,168.7,3.75,72,68,69,69,77,77,76,77
108,443611,Palermo,Roma,11/28/2010 19:45:00,7,20,5,22,3-1,13,13,2.6,3,2.9,2.6,3.25,2.8,2.55,3.1,2.75,2.55,3.1,2.55,2.5,3.2,2.5,45,22.7,17,87.8,1.95,43,25.2,22,257,5.98,80,75,76,76,81,80,80,79
109,443617,Lecce,Genoa,12/05/2010 13:00:00,19,12,12,18,1-3,14,14,3.5,3.1,2.2,3.2,3.15,2.2,3.3,3.1,2.2,2.9,3.1,2.3,3.2,3.2,2.25,37,24.1,15,35.5,0.959,45,23.8,22,168.7,3.75,70,71,68,70,77,77,76,77
110,443619,Inter,Cesena,01/19/2011 18:45:00,6,32,17,19,3-2,18,19,1.22,6,12,1.2,5.75,13,1.25,5.5,11,1.22,5.3,11,1.25,4.5,10,44,24.6,27,390.15,8.87,45,24.9,22,64.9,1.44,86,82,84,82,72,70,67,70
111,443621,Lazio,Inter,12/03/2010 18:45:00,2,27,5,23,3-1,14,14,2.7,3.1,2.7,2.95,3.2,2.5,2.7,3,2.7,2.7,3.1,2.5,2.75,3.1,2.62,44,25.6,22,116.25,2.64,44,24.6,27,390.15,8.87,78,75,75,75,86,82,84,82
112,443622,Palermo,Parma,12/11/2010 16:00:00,7,23,15,18,3-1,15,15,1.65,3.6,5.5,1.7,3.4,4.95,1.7,3.5,5,1.65,3.4,4.8,1.73,3.25,5.5,45,22.7,17,87.8,1.95,43,24.2,13,103.43,2.41,80,75,76,76,76,74,73,74
113,443623,Bologna,AC Milan,12/12/2010 10:30:00,13,19,1,33,0-3,15,15,6,3.8,1.57,6.15,3.65,1.55,6,3.75,1.55,5.2,3.5,1.6,6,3.6,1.62,38,23.4,14,47.18,1.24,45,26.2,22,361.35,8.03,78,71,69,70,83,80,80,80
114,443624,Roma,Bari,12/12/2010 13:00:00,8,23,20,10,1-0,15,15,1.4,4.5,7.5,1.35,4.25,9.2,1.35,4.5,9,1.3,5,8,1.36,5,7.5,43,25.2,22,257,5.98,46,24.2,15,63.45,1.38,81,80,80,79,76,74,71,73
115,443625,Juventus,Lazio,12/12/2010 18:45:00,3,27,2,30,2-1,15,15,1.85,3.3,4.5,1.91,3.4,4.33,1.85,3.3,4.25,1.85,3.3,3.9,1.91,3.25,4.33,51,24.5,15,332.43,6.52,44,25.6,22,116.25,2.64,79,80,78,79,78,75,75,75
116,443626,Catania,Brescia,12/19/2010 13:00:00,15,18,17,15,1-0,16,16,1.91,3.2,4.33,1.9,3.3,3.95,1.9,3.2,4.25,1.85,3.3,3.9,1.91,3.3,4.2,35,25.3,17,68.7,1.96,43,24.7,19,49.1,1.14,77,73,71,72,72,68,69,69
117,443628,Cesena,Cagliari,12/18/2010 16:00:00,19,12,11,20,1-0,15,16,2.63,3,2.88,2.65,3.05,2.65,2.7,3,2.7,2.75,3,2.5,2.62,3.1,2.75,45,24.9,22,64.9,1.44,37,26.3,6,74.13,2,72,70,67,70,75,75,72,73
118,443629,Udinese,Fiorentina,12/11/2010 16:00:00,11,20,12,19,2-1,15,15,2,3.2,4,2,3.25,3.65,2.05,3.1,3.75,2,3.1,3.5,2.1,3.25,3.5,40,23.2,23,112.55,2.81,42,23.4,22,207.73,4.95,79,74,73,74,79,79,75,77
119,443630,Lecce,Chievo,12/12/2010 13:00:00,19,12,10,20,3-2,15,15,3,3,2.5,2.75,3.05,2.55,2.9,3,2.5,2.7,3,2.5,2.8,3.2,2.5,37,24.1,15,35.5,0.959,43,25.7,21,55.2,1.28,70,71,68,70,72,73,72,72
120,443631,Bari,Palermo,12/19/2010 13:00:00,20,10,5,26,1-1,16,16,3.5,3.1,2.2,3.4,3.2,2.1,3.3,3.2,2.15,3.2,3.2,2.1,3.4,3.2,2.1,46,24.2,15,63.45,1.38,45,22.7,17,87.8,1.95,76,74,71,73,80,75,76,76
121,443633,Fiorentina,Inter,02/16/2011 16:30:00,10,32,4,44,1-2,24,24,3.1,3.2,2.3,3.1,3.3,2.2,3.2,3.2,2.2,2.9,3.1,2.3,3.2,3.2,2.3,42,23.4,22,207.73,4.95,44,24.6,27,390.15,8.87,79,79,75,77,86,82,84,82
122,443635,Lazio,Udinese,12/19/2010 10:30:00,4,30,9,23,3-2,16,16,2,3.2,4,1.9,3.3,3.95,2,3.2,3.75,1.9,3.3,3.7,1.91,3.3,4.2,44,25.6,22,116.25,2.64,40,23.2,23,112.55,2.81,78,75,75,75,79,74,73,74
123,443636,Juventus,Parma,01/06/2011 10:30:00,4,31,16,19,1-4,17,17,1.44,4,8,1.45,4,7,1.42,4,8,1.4,3.9,7.5,1.36,4,7,51,24.5,15,332.43,6.52,43,24.2,13,103.43,2.41,79,80,78,79,76,74,73,74
124,443637,Napoli,Lecce,12/19/2010 13:00:00,3,30,18,15,1-0,16,16,1.36,4.5,9,1.35,4.6,8.25,1.35,4.5,9,1.37,4.4,7.3,1.36,4.5,9,31,26.8,10,142.5,4.6,37,24.1,15,35.5,0.959,81,76,76,76,70,71,68,70
125,443640,Inter,Napoli,01/06/2011 18:45:00,7,23,3,33,3-1,15,17,1.8,3.4,4.6,1.75,3.45,4.5,1.75,3.3,5,1.8,3.3,4.2,1.67,3.3,4.5,44,24.6,27,390.15,8.87,31,26.8,10,142.5,4.6,86,82,84,82,81,76,76,76
126,443641,Parma,Bologna,12/19/2010 13:00:00,16,18,14,19,0-0,16,16,1.75,3.4,5,1.75,3.3,4.8,1.8,3.25,4.75,1.85,3.3,3.9,1.8,3.2,5,43,24.2,13,103.43,2.41,38,23.4,14,47.18,1.24,76,74,73,74,78,71,69,70
127,443642,Cagliari,AC Milan,01/06/2011 13:00:00,13,20,1,36,0-1,17,17,4.33,3.25,1.91,3.95,3.3,1.9,4.1,3.25,1.9,4.3,3.4,1.75,4,3.2,1.8,37,26.3,6,74.13,2,45,26.2,22,361.35,8.03,75,75,72,73,83,80,80,80
128,443643,Sampdoria,Genoa,02/16/2011 16:30:00,12,30,13,29,0-1,24,24,2.63,3,2.88,2.6,2.85,2.9,2.5,2.9,3,2.4,3,2.9,2.62,3,2.88,46,23,14,129.15,2.81,45,23.8,22,168.7,3.75,83,77,75,76,77,77,76,77
129,443645,AC Milan,Roma,12/18/2010 18:45:00,1,36,7,26,0-1,16,16,1.83,3.4,4.5,1.8,3.35,4.4,1.8,3.3,4.5,1.8,3.3,4.2,1.83,3.4,4.5,45,26.2,22,361.35,8.03,43,25.2,22,257,5.98,83,80,80,80,81,80,80,79
130,443646,Roma,Catania,01/06/2011 13:00:00,5,29,12,21,4-2,17,17,1.5,4,7,1.45,4,7,1.45,4,7.5,1.4,3.9,7.5,1.33,4,8,43,25.2,22,257,5.98,35,25.3,17,68.7,1.96,81,80,80,79,77,73,71,72
131,443647,Genoa,Lazio,01/06/2011 13:00:00,11,21,2,33,0-0,16,17,2.38,3,3.25,2.3,3.05,3.15,2.35,3.1,3.1,2.5,3.1,2.65,2.38,3,2.75,45,23.8,22,168.7,3.75,44,25.6,22,116.25,2.64,77,77,76,77,78,75,75,75
132,443648,Udinese,Chievo,01/06/2011 13:00:00,9,23,10,21,2-0,17,17,1.75,3.4,5,1.8,3.25,4.6,1.75,3.3,5,1.8,3.3,4.2,1.73,3.2,4.33,40,23.2,23,112.55,2.81,43,25.7,21,55.2,1.28,79,74,73,74,72,73,72,72
133,443652,Fiorentina,Brescia,01/09/2011 13:00:00,15,20,19,15,3-2,17,18,1.5,3.9,7,1.45,4,7,1.45,4,7.5,1.45,3.9,6.5,1.5,3.75,7.5,42,23.4,22,207.73,4.95,43,24.7,19,49.1,1.14,79,79,75,77,72,68,69,69
134,443653,Sampdoria,Roma,01/09/2011 10:30:00,9,23,4,32,2-1,17,18,3.1,3.1,2.4,2.8,3.1,2.5,2.75,3.2,2.5,2.55,3.2,2.55,3.1,3.1,2.4,46,23,14,129.15,2.81,43,25.2,22,257,5.98,83,77,75,76,81,80,80,79
135,443655,Napoli,Juventus,01/09/2011 18:45:00,3,33,5,31,3-0,18,18,2.25,3.25,3.2,2.15,3.25,3.25,2.2,3.2,3.2,2.3,3.1,2.9,2.2,3.3,3.3,31,26.8,10,142.5,4.6,51,24.5,15,332.43,6.52,81,76,76,76,79,80,78,79
136,443656,Catania,Chievo,01/16/2011 13:00:00,16,21,13,22,1-1,19,19,2,3.1,4.2,2,3.25,3.65,2,3.25,3.75,2.1,3.1,3.3,2,3.2,4,35,25.3,17,68.7,1.96,43,25.7,21,55.2,1.28,77,73,71,72,72,73,72,72
137,443657,Catania,Inter,01/09/2011 13:00:00,14,21,7,26,1-2,18,16,3.75,3.3,2,3.9,3.2,1.95,3.75,3.2,2,3.4,3.2,2,4,3.2,2,35,25.3,17,68.7,1.96,44,24.6,27,390.15,8.87,77,73,71,72,86,82,84,82
138,443660,Genoa,Udinese,01/16/2011 13:00:00,11,23,8,27,2-4,18,19,2.38,3,3.2,2.25,3.15,3.1,2.3,3.1,3.1,2.2,3.1,3.1,2.38,3.2,3,45,23.8,22,168.7,3.75,40,23.2,23,112.55,2.81,77,77,76,77,79,74,73,74
139,443664,Lazio,Sampdoria,01/16/2011 13:00:00,3,34,9,26,1-0,19,18,1.8,3.25,5,1.8,3.4,5,1.75,3.4,4.75,1.7,3.4,4.5,1.83,3.4,4.5,44,25.6,22,116.25,2.64,46,23,14,129.15,2.81,78,75,75,75,83,77,75,76
140,443665,Cesena,Roma,01/16/2011 13:00:00,17,19,4,32,0-1,18,19,3.75,3.4,2,3.95,3.15,1.95,4,3.2,1.95,3.1,3.3,2.1,3.75,3.3,2,45,24.9,22,64.9,1.44,43,25.2,22,257,5.98,72,70,67,70,81,80,80,79
141,443666,Lecce,AC Milan,01/16/2011 18:45:00,18,18,1,40,1-1,19,19,6.5,3.8,1.53,6.5,4,1.47,6.5,3.75,1.53,5,3.6,1.6,7,4,1.5,37,24.1,15,35.5,0.959,45,26.2,22,361.35,8.03,70,71,68,70,83,80,80,80
142,443667,Cagliari,Palermo,01/16/2011 10:30:00,12,23,5,31,3-1,19,19,2.5,3,3,2.45,3.2,2.75,2.45,3,3,2.4,3.1,2.8,2.4,3.2,3,37,26.3,6,74.13,2,45,22.7,17,87.8,1.95,75,75,72,73,80,75,76,76
143,443668,Brescia,Parma,01/16/2011 13:00:00,19,15,14,22,2-0,19,19,2.5,3,3,2.4,3,3,2.5,3,2.9,2.5,3.1,2.65,2.5,3.2,2.88,43,24.7,19,49.1,1.14,43,24.2,13,103.43,2.41,72,68,69,69,76,74,73,74
144,443672,Udinese,Inter,01/23/2011 10:30:00,8,30,5,35,3-1,20,19,3.2,3.25,2.25,3.2,3.3,2.15,3.2,3.2,2.2,3.2,3.2,2.1,3.3,3.3,2.2,40,23.2,23,112.55,2.81,44,24.6,27,390.15,8.87,79,74,73,74,86,82,84,82
145,443673,Fiorentina,Lecce,01/23/2011 13:00:00,11,24,18,19,1-1,19,20,1.44,4.2,7.5,1.45,4,7,1.47,3.75,7.5,1.55,3.7,5.4,1.5,4,7,42,23.4,22,207.73,4.95,37,24.1,15,35.5,0.959,79,79,75,77,70,71,68,70
146,443674,AC Milan,Cesena,01/23/2011 18:45:00,1,41,17,19,2-0,20,20,1.22,5.5,15,1.18,6.25,13,1.22,5.5,13,1.2,5.5,12,1.22,6,13,45,26.2,22,361.35,8.03,45,24.9,22,64.9,1.44,83,80,80,80,72,70,67,70
147,443675,Bari,Napoli,01/23/2011 13:00:00,20,14,2,37,0-2,20,20,3.9,3.1,2.05,3.8,3.15,2,4,3.1,2,3.4,3.2,2,4,3.2,2,46,24.2,15,63.45,1.38,31,26.8,10,142.5,4.6,76,74,71,73,81,76,76,76
148,443676,Sampdoria,Juventus,01/23/2011 13:00:00,10,26,5,34,0-0,19,20,2.7,3,2.75,2.75,3,2.6,2.75,3,2.6,2.55,3.1,2.55,2.75,3,2.75,46,23,14,129.15,2.81,51,24.5,15,332.43,6.52,83,77,75,76,79,80,78,79
149,443678,Palermo,Brescia,01/22/2011 16:00:00,7,31,19,18,1-0,20,20,1.44,4.2,7.5,1.4,4.15,7.75,1.47,3.75,7.5,1.5,3.8,5.7,1.44,4.2,7.5,45,22.7,17,87.8,1.95,43,24.7,19,49.1,1.14,80,75,76,76,72,68,69,69
150,443685,Brescia,Chievo,01/30/2011 10:30:00,19,18,14,24,0-3,21,21,2.4,3,3.2,2.45,2.95,3,2.45,3,3,2.3,3.1,2.9,2.4,3.1,3.1,43,24.7,19,49.1,1.14,43,25.7,21,55.2,1.28,72,68,69,69,72,73,72,72
151,443686,Chievo,Napoli,02/02/2011 18:45:00,10,27,2,43,2-0,22,22,3.2,3,2.4,3.05,3.05,2.35,3.1,3.1,2.35,3.1,3.1,2.2,2.87,3,2.25,43,25.7,21,55.2,1.28,31,26.8,10,142.5,4.6,72,73,72,72,81,76,76,76
152,443688,Lazio,Fiorentina,01/29/2011 16:00:00,4,37,11,25,2-0,21,20,2.1,3.1,3.75,2,3.05,3.9,2.1,3.1,3.6,1.9,3.2,3.8,2,3.2,4,44,25.6,22,116.25,2.64,42,23.4,22,207.73,4.95,78,75,75,75,79,79,75,77
153,443691,Lecce,Cesena,01/30/2011 13:00:00,19,20,18,19,1-1,21,21,2.1,3.1,3.75,2.15,3.1,3.4,2.1,3.2,3.5,1.9,3.3,3.7,2.1,3.25,3.6,37,24.1,15,35.5,0.959,45,24.9,22,64.9,1.44,70,71,68,70,72,70,67,70
154,443692,Bari,Inter,02/03/2011 18:45:00,20,14,5,38,0-3,22,21,8,4,1.44,7,4,1.45,6.5,3.75,1.53,6.5,3.9,1.45,6.5,3.6,1.44,46,24.2,15,63.45,1.38,44,24.6,27,390.15,8.87,76,74,71,73,86,82,84,82
155,443693,Inter,Roma,02/06/2011 18:45:00,3,41,5,39,5-3,22,22,1.91,3.4,4,1.95,3.15,3.95,2,3.2,3.75,1.9,3.3,3.7,1.91,3.2,3.5,44,24.6,27,390.15,8.87,43,25.2,22,257,5.98,86,82,84,82,81,80,80,79
156,443697,AC Milan,Lazio,02/01/2011 18:45:00,1,47,3,40,0-0,22,22,1.57,3.6,6.5,1.5,3.75,6.75,1.55,3.75,6,1.55,3.7,5.4,1.57,3.5,5,45,26.2,22,361.35,8.03,44,25.6,22,116.25,2.64,83,80,80,80,78,75,75,75
157,443702,Genoa,AC Milan,02/06/2011 13:00:00,13,27,1,48,1-1,23,23,3.75,3.3,2,4,3.15,1.95,3.75,3.2,2,3.4,3.2,2,4,3.2,2,45,23.8,22,168.7,3.75,45,26.2,22,361.35,8.03,77,77,76,77,83,80,80,80
158,443703,Roma,Brescia,02/02/2011 18:45:00,4,38,19,18,1-1,21,22,1.25,5.25,12,1.25,5.55,10,1.25,5.25,11,1.25,5,10,1.25,4.5,10,43,25.2,22,257,5.98,43,24.7,19,49.1,1.14,81,80,80,79,72,68,69,69
159,443705,Lecce,Palermo,02/06/2011 13:00:00,16,24,6,37,2-4,23,23,3.2,3.25,2.25,3.15,3.1,2.25,3.2,3.2,2.2,2.7,3.2,2.4,3.1,3.25,2.3,37,24.1,15,35.5,0.959,45,22.7,17,87.8,1.95,70,71,68,70,80,75,76,76
160,443706,Cagliari,Juventus,02/05/2011 18:45:00,9,32,8,35,1-3,23,23,3,3,2.5,2.75,3.2,2.45,3,3.1,2.4,2.55,3.2,2.55,2.8,3.3,2.5,37,26.3,6,74.13,2,51,24.5,15,332.43,6.52,75,75,72,73,79,80,78,79
161,443707,Napoli,Cesena,02/06/2011 13:00:00,2,43,18,21,2-0,23,23,1.29,5,11,1.25,5.35,10.5,1.27,5,11,1.3,4.8,8.5,1.29,5,11,31,26.8,10,142.5,4.6,45,24.9,22,64.9,1.44,81,76,76,76,72,70,67,70
162,443708,Brescia,Bari,02/06/2011 13:00:00,19,19,20,14,2-0,23,23,2,3.1,4.2,2.05,3.15,3.6,2.05,3.1,3.75,1.8,3.3,4.1,1.91,3.2,3.5,43,24.7,19,49.1,1.14,46,24.2,15,63.45,1.38,72,68,69,69,76,74,71,73
163,443710,Juventus,Inter,02/13/2011 18:45:00,8,38,3,44,1-0,24,23,2.88,3,2.6,2.95,2.85,2.55,2.8,3.1,2.5,2.65,3,2.55,2.62,3.1,2.38,51,24.5,15,332.43,6.52,44,24.6,27,390.15,8.87,79,80,78,79,86,82,84,82
164,443711,Roma,Napoli,02/12/2011 18:45:00,7,39,2,46,0-2,23,24,2.25,3.1,3.4,2.1,3.15,3.45,2.2,3.1,3.3,2.3,3.1,2.9,2.1,3,3.2,43,25.2,22,257,5.98,31,26.8,10,142.5,4.6,81,80,80,79,81,76,76,76
165,443713,Catania,Lecce,02/13/2011 13:00:00,17,23,16,24,3-2,24,24,1.73,3.5,5,1.78,3.3,4.6,1.8,3.3,4.6,1.8,3.3,4.2,1.8,3.2,4,35,25.3,17,68.7,1.96,37,24.1,15,35.5,0.959,77,73,71,72,70,71,68,70
166,443714,AC Milan,Parma,02/12/2011 16:00:00,1,49,15,26,4-0,24,24,1.36,4.5,9,1.35,4.4,9,1.35,4.5,9,1.4,4.1,7,1.33,4,8,45,26.2,22,361.35,8.03,43,24.2,13,103.43,2.41,83,80,80,80,76,74,73,74
167,443715,Brescia,Lazio,02/13/2011 13:00:00,18,22,4,42,0-2,24,24,3.25,3,2.38,3.1,3,2.35,3,3,2.4,2.9,3,2.4,2.75,3.1,2.3,43,24.7,19,49.1,1.14,44,25.6,22,116.25,2.64,72,68,69,69,78,75,75,75
168,443717,Bari,Genoa,02/13/2011 13:00:00,20,14,13,28,0-0,24,24,3.2,3,2.38,3,3.1,2.35,3,3,2.4,3,3,2.3,2.8,3,2.3,46,24.2,15,63.45,1.38,45,23.8,22,168.7,3.75,76,74,71,73,77,77,76,77
169,443718,Cagliari,Chievo,02/13/2011 13:00:00,9,32,10,31,4-1,24,24,2.1,2.88,4.2,2.15,2.85,3.75,2.15,3,3.6,2.2,3,3.2,2,3,3.5,37,26.3,6,74.13,2,43,25.7,21,55.2,1.28,75,75,72,73,72,73,72,72
170,443719,Udinese,Brescia,02/20/2011 13:00:00,5,43,18,22,0-0,25,25,1.4,4.33,8,1.37,4.4,8,1.4,4.33,7.5,1.37,4.3,7.2,1.4,4.5,8,40,23.2,23,112.55,2.81,43,24.7,19,49.1,1.14,79,74,73,74,72,68,69,69
171,443723,Chievo,AC Milan,02/20/2011 13:00:00,12,31,1,52,1-2,25,25,4.5,3.4,1.83,4.6,3.25,1.8,4,3.4,1.85,4.3,3.4,1.75,4.5,3.4,1.83,43,25.7,21,55.2,1.28,45,26.2,22,361.35,8.03,72,73,72,72,83,80,80,80
172,443725,Lecce,Juventus,02/20/2011 10:30:00,17,24,6,41,2-0,25,25,5.5,3.75,1.62,5.2,3.8,1.6,5.75,3.6,1.6,4.3,3.4,1.75,5.5,3.5,1.67,37,24.1,15,35.5,0.959,51,24.5,15,332.43,6.52,70,71,68,70,79,80,78,79
173,443726,Genoa,Roma,02/20/2011 13:00:00,11,32,8,39,4-3,25,24,2.5,3.1,2.9,2.4,3.1,2.9,2.45,3.2,2.8,2.5,3,2.7,2.5,3.2,2.88,45,23.8,22,168.7,3.75,43,25.2,22,257,5.98,77,77,76,77,81,80,80,79
174,443727,Parma,Cesena,02/20/2011 13:00:00,15,26,19,21,2-2,25,25,1.67,3.5,5.5,1.72,3.4,5,1.7,3.3,5.5,1.8,3.4,4,1.73,3.25,5.5,43,24.2,13,103.43,2.41,45,24.9,22,64.9,1.44,76,74,73,74,72,70,67,70
175,443728,Bologna,Palermo,02/19/2011 16:00:00,14,29,7,40,1-0,24,25,2.7,3.1,2.7,2.7,3.15,2.55,2.7,3,2.7,2.6,3,2.6,2.62,3.2,2.7,38,23.4,14,47.18,1.24,45,22.7,17,87.8,1.95,78,71,69,70,80,75,76,76
176,443730,Roma,Parma,02/27/2011 13:00:00,6,42,15,27,2-2,26,26,1.53,3.8,6.5,1.53,3.7,6.25,1.55,3.75,6,1.4,4.1,7,1.57,3.6,6.5,43,25.2,22,257,5.98,43,24.2,13,103.43,2.41,81,80,80,79,76,74,73,74
177,443732,Sampdoria,Inter,02/27/2011 18:45:00,14,31,3,50,0-2,26,26,3.8,3.3,2,4.3,3.1,1.9,4,3.2,1.95,3.2,3.2,2.1,4.2,3.3,1.91,46,23,14,129.15,2.81,44,24.6,27,390.15,8.87,83,77,75,76,86,82,84,82
178,443733,Cesena,Chievo,02/27/2011 13:00:00,19,22,13,31,1-0,26,26,2.6,3,2.88,2.5,2.9,3,2.5,3,2.9,2.4,3,2.9,2.62,3,2.88,45,24.9,22,64.9,1.44,43,25.7,21,55.2,1.28,72,70,67,70,72,73,72,72
179,443734,AC Milan,Napoli,02/28/2011 18:45:00,1,55,2,52,3-0,26,26,1.8,3.5,4.5,1.72,3.6,4.5,1.75,3.4,4.75,1.85,3.3,3.9,1.8,3.5,4.5,45,26.2,22,361.35,8.03,31,26.8,10,142.5,4.6,83,80,80,80,81,76,76,76
180,443736,Juventus,Bologna,02/26/2011 18:45:00,7,41,12,32,0-2,26,26,1.44,4.2,7.5,1.44,4.1,7,1.5,3.75,7,1.45,3.9,6.5,1.5,4,7,51,24.5,15,332.43,6.52,38,23.4,14,47.18,1.24,79,80,78,79,78,71,69,70
181,443738,Cagliari,Lazio,02/27/2011 13:00:00,9,35,4,48,1-0,26,26,2.38,3,3.2,2.5,2.9,3,2.4,3,3,2.6,3,2.6,2.5,3.1,2.9,37,26.3,6,74.13,2,44,25.6,22,116.25,2.64,75,75,72,73,78,75,75,75
182,443739,Lecce,Roma,03/04/2011 18:45:00,17,28,6,43,1-2,27,27,4,3.3,1.95,3.9,3.6,1.95,3.75,3.3,1.95,3.5,3.3,1.95,3.75,3.4,2,37,24.1,15,35.5,0.959,43,25.2,22,257,5.98,70,71,68,70,81,80,80,79
183,443740,Napoli,Brescia,03/06/2011 13:00:00,3,52,19,24,0-0,27,27,1.36,4.33,10,1.35,4.5,8.5,1.4,4,9,1.37,4.3,7.2,1.36,4.5,9,31,26.8,10,142.5,4.6,43,24.7,19,49.1,1.14,81,76,76,76,72,68,69,69
184,443742,Chievo,Parma,03/06/2011 13:00:00,13,31,16,28,0-0,27,27,2.38,3,3.2,2.3,2.9,3.3,2.2,3,3.4,2.2,2.8,3.4,2.25,3.2,3.3,43,25.7,21,55.2,1.28,43,24.2,13,103.43,2.41,72,73,72,72,76,74,73,74
185,443744,Genoa,Palermo,03/13/2011 13:00:00,12,35,8,40,1-0,28,28,1.91,3.25,4.2,1.91,3.3,3.9,1.9,3.25,4.1,2.1,3.2,3.2,2,3.2,4,45,23.8,22,168.7,3.75,45,22.7,17,87.8,1.95,77,77,76,77,80,75,76,76
186,443745,Inter,Genoa,03/06/2011 13:00:00,2,53,10,35,5-2,27,27,1.4,4.33,8.5,1.42,4.25,7,1.4,4.25,8,1.45,3.9,6.5,1.4,4.2,9,44,24.6,27,390.15,8.87,45,23.8,22,168.7,3.75,86,82,84,82,77,77,76,77
187,443746,Cagliari,Udinese,03/13/2011 13:00:00,9,39,5,50,0-4,28,28,2.75,3.1,2.63,2.7,2.95,2.7,2.65,3.1,2.65,2.6,3,2.6,2.8,3,2.62,37,26.3,6,74.13,2,40,23.2,23,112.55,2.81,75,75,72,73,79,74,73,74
188,443747,Brescia,Inter,03/11/2011 18:45:00,19,25,2,56,1-1,28,28,5.5,3.5,1.67,5.5,3.7,1.6,5.5,3.5,1.65,4.4,3.5,1.7,6,3.6,1.62,43,24.7,19,49.1,1.14,44,24.6,27,390.15,8.87,72,68,69,69,86,82,84,82
189,443748,Juventus,AC Milan,03/05/2011 18:45:00,7,41,1,58,0-1,27,27,3,3,2.5,2.9,3.1,2.6,2.9,3.1,2.45,2.65,3.1,2.5,2.88,3.2,2.5,51,24.5,15,332.43,6.52,45,26.2,22,361.35,8.03,79,80,78,79,83,80,80,80
190,443749,Parma,Napoli,03/13/2011 18:45:00,15,29,3,53,1-3,28,28,2.88,3,2.63,3.05,2.95,2.4,2.9,3,2.5,2.8,2.9,2.5,3,3,2.5,43,24.2,13,103.43,2.41,31,26.8,10,142.5,4.6,76,74,73,74,81,76,76,76
191,443753,Fiorentina,Roma,03/20/2011 10:30:00,8,40,6,49,2-2,29,29,2.45,3.1,3,2.45,3.1,2.85,2.45,3.1,2.9,2.4,2.9,3,2.4,3.2,3,42,23.4,22,207.73,4.95,43,25.2,22,257,5.98,79,79,75,77,81,80,80,79
192,443754,Sampdoria,Cesena,03/06/2011 10:30:00,14,31,18,25,2-3,27,27,1.75,3.4,5,1.67,3.4,5.25,1.7,3.3,5.25,1.7,3.4,4.5,1.73,3.5,5,46,23,14,129.15,2.81,45,24.9,22,64.9,1.44,83,77,75,76,72,70,67,70
193,443755,Cesena,Juventus,03/12/2011 18:45:00,17,28,7,41,2-2,28,28,3.6,3,2.2,3.75,2.95,2.1,3.5,3.1,2.15,3,3.2,2.2,3.3,3.2,2.25,45,24.9,22,64.9,1.44,51,24.5,15,332.43,6.52,72,70,67,70,79,80,78,79
194,443756,Sampdoria,Parma,03/20/2011 13:00:00,15,31,16,29,0-1,29,29,2.25,3,3.5,2.25,3,3.3,2.3,3,3.25,2.2,2.8,3.4,2.4,3,3.2,46,23,14,129.15,2.81,43,24.2,13,103.43,2.41,83,77,75,76,76,74,73,74
195,443758,Lecce,Bologna,03/13/2011 13:00:00,18,28,11,36,0-1,28,28,2.3,3.1,3.3,2.3,2.9,3.3,2.3,3,3.2,2.2,2.7,3.6,2.3,3.1,3.25,37,24.1,15,35.5,0.959,38,23.4,14,47.18,1.24,70,71,68,70,78,71,69,70
196,443760,Bologna,Cagliari,03/06/2011 13:00:00,11,35,9,38,2-2,27,27,2.3,3,3.4,2.2,2.95,3.45,2.3,3,3.2,2.25,2.7,3.4,2.25,3.2,3.3,38,23.4,14,47.18,1.24,37,26.3,6,74.13,2,78,71,69,70,75,75,72,73
197,443761,Roma,Lazio,03/13/2011 13:00:00,6,46,4,51,2-0,28,28,2.38,3.1,3.1,2.25,3.1,3.2,2.3,3.1,3.1,2.2,3.1,3.1,2.3,3.2,3.2,43,25.2,22,257,5.98,44,25.6,22,116.25,2.64,81,80,80,79,78,75,75,75
198,443762,Palermo,AC Milan,03/19/2011 18:45:00,9,40,1,62,1-0,29,29,3.5,3.3,2.1,3.5,3,2.15,3.4,3.1,2.15,3.2,3.2,2.1,3.5,3.3,2.1,45,22.7,17,87.8,1.95,45,26.2,22,361.35,8.03,80,75,76,76,83,80,80,80
199,443764,Bologna,Genoa,03/20/2011 13:00:00,11,39,12,38,1-1,29,29,2.6,2.8,3.1,2.6,2.85,2.9,2.7,2.8,2.9,2.5,2.5,3.3,2.6,2.8,3.1,38,23.4,14,47.18,1.24,45,23.8,22,168.7,3.75,78,71,69,70,77,77,76,77
200,443765,Inter,Lecce,03/20/2011 14:00:00,2,57,18,28,1-0,29,29,1.25,5.75,11,1.25,5.5,10,1.25,5.25,11,1.25,5,10,1.25,5.5,12,44,24.6,27,390.15,8.87,37,24.1,15,35.5,0.959,86,82,84,82,70,71,68,70
201,443767,Bari,Chievo,03/20/2011 13:00:00,20,17,13,32,1-2,29,29,2.7,3,2.8,2.75,2.75,2.8,2.7,2.9,2.8,2.7,2.9,2.6,2.75,3,2.75,46,24.2,15,63.45,1.38,43,25.7,21,55.2,1.28,76,74,71,73,72,73,72,72
202,443768,Lazio,Cesena,03/19/2011 16:00:00,5,51,17,29,1-0,29,29,1.73,3.4,5.25,1.7,3.4,5,1.7,3.4,5.25,1.7,3.3,4.7,1.73,3.3,5.5,44,25.6,22,116.25,2.64,45,24.9,22,64.9,1.44,78,75,75,75,72,70,67,70
203,443769,Cagliari,Brescia,04/10/2011 14:00:00,10,42,19,29,1-1,31,31,3.1,1.91,3.75,3,1.9,4,,,,2.8,2.2,3.4,,,,37,26.3,6,74.13,2,43,24.7,19,49.1,1.14,75,75,72,73,72,68,69,69
204,443771,Napoli,Lazio,04/03/2011 11:30:00,3,59,5,54,4-3,30,30,1.75,3.3,5.25,1.72,3.5,4.75,1.75,3.3,5,1.8,3.4,4,1.73,3.5,5,31,26.8,10,142.5,4.6,44,25.6,22,116.25,2.64,81,76,76,76,78,75,75,75
205,443772,Palermo,Cesena,04/10/2011 14:00:00,8,43,18,30,2-2,31,31,2.1,2.1,6,2,2.45,5.25,2,2.3,5.5,2.1,2.4,4.5,1.91,2.5,5,45,22.7,17,87.8,1.95,45,24.9,22,64.9,1.44,80,75,76,76,72,70,67,70
206,443775,Fiorentina,Juventus,04/17/2011 14:00:00,10,42,7,51,0-0,32,32,2.63,3.25,2.63,2.6,3.1,2.65,2.6,3.25,2.6,2.6,2.8,2.8,2.7,3.25,2.6,42,23.4,22,207.73,4.95,51,24.5,15,332.43,6.52,79,79,75,77,79,80,78,79
207,443776,Udinese,Roma,04/09/2011 19:45:00,4,56,6,50,1-2,31,31,2.2,3.2,3.4,2.1,3.2,3.4,2.1,3.25,3.4,2.2,3.2,3,2.2,3.2,2.8,40,23.2,23,112.55,2.81,43,25.2,22,257,5.98,79,74,73,74,81,80,80,79
208,443778,Lecce,Cagliari,04/17/2011 14:00:00,15,34,9,43,3-3,32,32,1.5,3.8,7.5,1.45,3.85,7.5,1.45,4,6,1.4,4.1,7,1.5,4,7,37,24.1,15,35.5,0.959,37,26.3,6,74.13,2,70,71,68,70,75,75,72,73
209,443779,Bari,Catania,04/10/2011 14:00:00,20,20,14,35,1-1,31,31,3.4,2.88,2.38,3.25,2.75,2.45,3.3,2.8,2.4,3,2.8,2.5,2.88,2.8,2.38,46,24.2,15,63.45,1.38,35,25.3,17,68.7,1.96,76,74,71,73,77,73,71,72
210,443780,Roma,Juventus,04/03/2011 19:45:00,6,50,7,45,0-2,30,30,1.95,3.3,4,1.95,3.3,3.75,1.9,3.3,4,2,3.2,3.4,1.91,3.2,3.5,43,25.2,22,257,5.98,51,24.5,15,332.43,6.52,81,80,80,79,79,80,78,79
211,443781,Genoa,Brescia,04/17/2011 14:00:00,12,39,19,30,2-0,32,32,,,,2.45,2.15,4.85,2.4,2.2,4.5,2.6,2.2,3.6,2.25,2.2,4.5,45,23.8,22,168.7,3.75,43,24.7,19,49.1,1.14,77,77,76,77,72,68,69,69
212,443783,AC Milan,Inter,04/02/2011 19:45:00,1,62,2,60,3-0,30,30,2.8,3.1,2.6,2.85,2.95,2.55,2.7,3.1,2.6,2.6,3,2.6,2.88,3,2.62,45,26.2,22,361.35,8.03,44,24.6,27,390.15,8.87,83,80,80,80,86,82,84,82
213,443784,Parma,Inter,04/16/2011 19:45:00,17,32,3,63,2-0,32,32,4.5,3.5,1.8,4.55,3.45,1.75,4,3.5,1.85,4.3,3.4,1.75,4.5,3.5,1.8,43,24.2,13,103.43,2.41,44,24.6,27,390.15,8.87,76,74,73,74,86,82,84,82
214,443785,Bologna,Napoli,04/10/2011 14:00:00,11,40,2,62,0-2,31,31,5.5,3.5,1.67,5,3.4,1.7,5,3.6,1.67,4.3,3.4,1.75,4.33,3.2,1.73,38,23.4,14,47.18,1.24,31,26.8,10,142.5,4.6,78,71,69,70,81,76,76,76
215,443786,Chievo,Sampdoria,04/03/2011 14:00:00,13,35,16,31,0-0,30,30,3.25,1.5,7.5,,,,,,,3.2,1.55,6,,,,43,25.7,21,55.2,1.28,46,23,14,129.15,2.81,72,73,72,72,83,77,75,76
216,443787,Catania,Lazio,04/17/2011 14:00:00,14,36,4,57,1-4,32,32,2.88,2.3,3.2,3.2,2.3,3,2.9,2.3,3.2,2.9,2.3,3,2.8,2.38,2.88,35,25.3,17,68.7,1.96,44,25.6,22,116.25,2.64,77,73,71,72,78,75,75,75
217,443788,Fiorentina,AC Milan,04/10/2011 19:45:00,9,42,1,65,1-2,31,31,4,3.4,1.91,3.6,3.4,1.95,4,3.3,1.9,3.4,3.2,2,3.5,3.2,1.91,42,23.4,22,207.73,4.95,45,26.2,22,361.35,8.03,79,79,75,77,83,80,80,80
218,443789,Cesena,Fiorentina,04/03/2011 14:00:00,17,29,9,41,2-2,30,30,3.25,3,2.38,3.1,2.9,2.4,3,3,2.4,2.65,3.2,2.45,2.75,3,2.38,45,24.9,22,64.9,1.44,42,23.4,22,207.73,4.95,72,70,67,70,79,79,75,77
219,443791,Juventus,Genoa,04/10/2011 11:30:00,7,48,12,39,3-2,31,31,1.57,3.6,6.5,1.55,3.6,6.25,1.6,3.5,6,1.55,3.7,5.4,1.57,3.5,5,51,24.5,15,332.43,6.52,45,23.8,22,168.7,3.75,79,80,78,79,77,77,76,77
220,443793,Roma,Palermo,04/16/2011 17:00:00,6,53,8,44,2-3,32,32,1.44,4.33,7,1.45,4,7,1.45,4.25,6.5,1.45,4,6.3,1.44,4.2,7,43,25.2,22,257,5.98,45,22.7,17,87.8,1.95,81,80,80,79,80,75,76,76
221,443796,Inter,Chievo,04/09/2011 17:00:00,3,60,13,36,2-0,31,31,1.44,4,8,1.4,4.5,7,1.4,4.2,8,1.4,4.1,7,1.29,4.5,8,44,24.6,27,390.15,8.87,43,25.7,21,55.2,1.28,86,82,84,82,72,73,72,72
222,443798,Udinese,Parma,04/23/2011 14:00:00,5,59,15,35,0-2,33,33,1.73,3.4,5.25,1.72,3.4,4.8,1.67,3.5,5.25,1.6,3.6,5,1.67,3.5,5.5,40,23.2,23,112.55,2.81,43,24.2,13,103.43,2.41,79,74,73,74,76,74,73,74
223,443800,Roma,Chievo,04/23/2011 11:30:00,6,53,13,39,1-0,33,33,1.4,4.33,8.5,1.35,4.5,8.5,1.35,4.5,8.5,1.4,4.1,7,1.36,4.5,8,43,25.2,22,257,5.98,43,25.7,21,55.2,1.28,81,80,80,79,72,73,72,72
224,443801,Genoa,Lecce,04/23/2011 14:00:00,11,42,16,35,4-2,33,33,2.2,2.38,4.5,2.3,2.35,4.1,2.25,2.4,4.25,2.3,2.5,3.5,2.25,2.4,3.75,45,23.8,22,168.7,3.75,37,24.1,15,35.5,0.959,77,77,76,77,70,71,68,70
225,443803,Inter,Lazio,04/23/2011 14:00:00,3,63,4,60,2-1,33,33,1.85,3.3,4.5,1.88,3.25,4.1,1.9,3.2,4.2,1.9,3.3,3.7,1.91,3.4,4,44,24.6,27,390.15,8.87,44,25.6,22,116.25,2.64,86,82,84,82,78,75,75,75
226,443804,Brescia,AC Milan,04/23/2011 18:00:00,19,30,1,71,0-1,33,33,5.75,3.1,1.75,5,3.3,1.72,5.5,3.25,1.7,5,3.1,1.65,5.5,3.3,1.73,43,24.7,19,49.1,1.14,45,26.2,22,361.35,8.03,72,68,69,69,83,80,80,80
227,443805,Cagliari,Fiorentina,04/23/2011 14:00:00,9,44,10,43,1-2,33,33,2.4,2.63,3.4,2.5,2.7,3,2.5,2.6,3.2,2.5,2.5,3.3,2.38,2.6,3.2,37,26.3,6,74.13,2,42,23.4,22,207.73,4.95,75,75,72,73,79,79,75,77
228,443806,Palermo,Napoli,04/23/2011 14:00:00,8,47,2,65,2-1,33,33,3.25,3.1,2.3,3.5,3,2.15,3.3,3,2.25,2.8,3.2,2.3,3.25,3.2,2.25,45,22.7,17,87.8,1.95,31,26.8,10,142.5,4.6,80,75,76,76,81,76,76,76
229,443807,Bologna,Cesena,04/23/2011 14:00:00,12,40,17,34,0-2,33,33,3.25,1.7,5,3.05,1.8,4.6,3.1,1.75,4.75,2.9,1.85,4,3,1.73,4.5,38,23.4,14,47.18,1.24,45,24.9,22,64.9,1.44,78,71,69,70,72,70,67,70
230,443809,Catania,Cagliari,05/01/2011 14:00:00,16,37,11,44,2-0,34,34,1.33,4.75,9,1.37,4.65,7.25,1.33,4.5,9,1.4,4.1,7,1.4,4.5,8,35,25.3,17,68.7,1.96,37,26.3,6,74.13,2,77,73,71,72,75,75,72,73
231,443810,Sampdoria,Brescia,05/01/2011 14:00:00,17,35,19,30,3-3,34,34,1.85,3.3,4.5,1.82,3.4,4.15,1.8,3.4,4.5,1.8,3.3,4.1,1.83,3.5,4.33,46,23,14,129.15,2.81,43,24.7,19,49.1,1.14,83,77,75,76,72,68,69,69
232,443811,Napoli,Genoa,04/30/2011 19:45:00,3,65,10,45,1-0,34,34,1.33,5,9,1.3,5,9,1.3,4.75,10,1.35,4.5,7.3,1.33,4.5,11,31,26.8,10,142.5,4.6,45,23.8,22,168.7,3.75,81,76,76,76,77,77,76,77
233,443812,Fiorentina,Udinese,05/01/2011 14:00:00,9,46,5,59,5-2,34,34,2.5,3.2,2.8,2.4,3.2,2.85,2.5,3.2,2.75,2.4,3.2,2.7,2.5,3.3,2.8,42,23.4,22,207.73,4.95,40,23.2,23,112.55,2.81,79,79,75,77,79,74,73,74
234,443814,Bari,Roma,05/01/2011 19:45:00,20,21,6,56,2-3,34,34,9,5.5,1.3,9,5,1.3,9,5,1.3,8,5,1.3,8,5,1.25,46,24.2,15,63.45,1.38,43,25.2,22,257,5.98,76,74,71,73,81,80,80,79
235,443815,Parma,Palermo,05/01/2011 14:00:00,14,38,8,50,3-1,34,34,1.95,3,4.5,1.92,3.15,4.1,1.95,3.1,4.2,1.8,3.2,4.2,1.83,3,4,43,24.2,13,103.43,2.41,45,22.7,17,87.8,1.95,76,74,73,74,80,75,76,76
236,443816,Lazio,Juventus,05/02/2011 19:45:00,4,60,7,53,0-1,34,34,2.1,3.2,3.6,2.05,3.25,3.5,2.1,3.25,3.4,2.1,3.3,3.1,2.1,3.25,3.6,44,25.6,22,116.25,2.64,51,24.5,15,332.43,6.52,78,75,75,75,79,80,78,79
237,443817,Cesena,Inter,04/30/2011 17:00:00,15,37,2,66,1-2,34,34,4.33,3.25,1.91,4.4,3.2,1.85,4,3.3,1.9,3.5,3.1,2,4.5,3.4,1.83,45,24.9,22,64.9,1.44,44,24.6,27,390.15,8.87,72,70,67,70,86,82,84,82
238,443819,Inter,Fiorentina,05/08/2011 14:00:00,2,69,9,49,3-1,35,35,1.67,3.75,5,1.6,3.8,5.15,1.65,3.6,5,1.6,3.6,5,1.67,3.5,5.5,44,24.6,27,390.15,8.87,42,23.4,22,207.73,4.95,86,82,84,82,79,79,75,77
239,443820,Roma,AC Milan,05/07/2011 19:45:00,6,59,1,77,0-0,35,35,2.5,3.2,2.88,2.4,3.2,2.85,2.3,3.2,3,2.2,3.2,3,2.5,3.2,2.88,43,25.2,22,257,5.98,45,26.2,22,361.35,8.03,81,80,80,79,83,80,80,80
240,443821,Udinese,Lazio,05/08/2011 14:00:00,5,59,4,60,2-1,35,35,2.25,3,3.5,2.15,3.3,3.2,2.15,3.25,3.25,2.1,3.3,3.1,2.2,3.3,3.3,40,23.2,23,112.55,2.81,44,25.6,22,116.25,2.64,79,74,73,74,78,75,75,75
241,443822,Lecce,Napoli,05/08/2011 14:00:00,18,35,3,68,2-1,35,35,2.2,3.3,3.25,2.2,3.3,3.1,2.15,3.4,3.1,1.8,3.4,3.6,2.2,3.3,3.3,37,24.1,15,35.5,0.959,31,26.8,10,142.5,4.6,70,71,68,70,81,76,76,76
242,443823,Bologna,Parma,05/08/2011 14:00:00,15,40,13,41,0-0,35,35,4.5,1.4,6.5,,,,,,,,,,4,1.4,6.5,38,23.4,14,47.18,1.24,43,24.2,13,103.43,2.41,78,71,69,70,76,74,73,74
243,443824,Genoa,Sampdoria,05/08/2011 19:45:00,10,45,17,36,2-1,35,35,2.6,3.2,2.75,2.65,3.2,2.55,2.55,3.1,2.75,2.7,3.3,2.3,2.62,3.25,2.62,45,23.8,22,168.7,3.75,46,23,14,129.15,2.81,77,77,76,77,83,77,75,76
244,443826,Juventus,Chievo,05/09/2011 19:45:00,7,56,12,42,2-2,35,35,1.29,5,12,1.3,5,9,1.3,5,9,1.25,5,10,1.29,4.5,8,51,24.5,15,332.43,6.52,43,25.7,21,55.2,1.28,79,80,78,79,72,73,72,72
245,443827,Brescia,Catania,05/08/2011 14:00:00,19,31,14,40,1-2,35,35,1.85,3.3,4.5,1.8,3.4,4.3,1.9,3.3,4,1.9,3.4,3.6,1.83,3.3,4.33,43,24.7,19,49.1,1.14,35,25.3,17,68.7,1.96,72,68,69,69,77,73,71,72
246,443828,Cagliari,Cesena,05/08/2011 14:00:00,11,44,16,37,0-2,35,35,3.6,2.63,2.3,3.4,2.55,2.4,,,,,,,3.25,2.5,2.38,37,26.3,6,74.13,2,45,24.9,22,64.9,1.44,75,75,72,73,72,70,67,70
247,443829,Fiorentina,Bologna,05/15/2011 11:30:00,9,49,15,41,1-1,36,36,1.73,3,6.5,1.65,2.85,7,1.7,3,6.5,1.8,2.8,5,1.67,3.1,7,42,23.4,22,207.73,4.95,38,23.4,14,47.18,1.24,79,79,75,77,78,71,69,70
248,443832,Sampdoria,Palermo,05/15/2011 14:00:00,18,36,8,53,1-2,36,36,1.36,4.75,8,1.38,4.75,6.75,1.35,4.75,8,1.3,5,7.5,1.36,4.33,7,46,23,14,129.15,2.81,45,22.7,17,87.8,1.95,83,77,75,76,80,75,76,76
249,443834,Lazio,Genoa,05/14/2011 17:00:00,5,60,10,48,4-2,36,36,1.4,4.6,7.5,1.35,4.75,7.75,1.35,4.75,8,1.3,5,7.5,1.33,5,9,44,25.6,22,116.25,2.64,45,23.8,22,168.7,3.75,78,75,75,75,77,77,76,77
250,443835,Bari,Lecce,05/15/2011 14:00:00,20,21,17,38,0-2,36,36,5,3.6,1.7,4.9,3.55,1.67,5,3.75,1.62,5,3.8,1.5,5,3.5,1.67,46,24.2,15,63.45,1.38,37,24.1,15,35.5,0.959,76,74,71,73,70,71,68,70
251,443836,Napoli,Inter,05/15/2011 19:45:00,3,68,2,72,1-1,36,36,3.8,1.75,3.8,,,,3.75,1.75,3.75,3,1.8,3.7,3.6,1.67,4,31,26.8,10,142.5,4.6,44,24.6,27,390.15,8.87,81,76,76,76,86,82,84,82
252,443838,Catania,Roma,05/15/2011 14:00:00,13,43,6,60,2-1,36,36,6,4.33,1.5,5.8,4.25,1.48,6,4,1.5,7,4.1,1.4,7,4,1.44,35,25.3,17,68.7,1.96,43,25.2,22,257,5.98,77,73,71,72,81,80,80,79
253,443840,Cagliari,Parma,05/22/2011 17:00:00,13,44,12,45,1-1,37,37,2.1,3.2,3.6,2.1,3.3,3.3,2.1,3.2,3.3,2.1,3.2,3.2,2.1,3,3.2,37,26.3,6,74.13,2,43,24.2,13,103.43,2.41,75,75,72,73,76,74,73,74
254,443841,Lecce,Lazio,05/22/2011 19:45:00,17,41,5,63,2-4,37,37,6,3.6,1.6,5.5,3.65,1.6,6,3.5,1.57,5.5,3.9,1.45,5.5,3.6,1.5,37,24.1,15,35.5,0.959,44,25.6,22,116.25,2.64,70,71,68,70,78,75,75,75
255,443843,Juventus,Napoli,05/22/2011 19:45:00,7,57,3,69,2-2,37,37,1.9,3.6,3.8,1.9,3.4,3.8,1.95,3.25,3.75,1.9,3.3,3.7,1.83,3.2,3.75,51,24.5,15,332.43,6.52,31,26.8,10,142.5,4.6,79,80,78,79,81,76,76,76
256,443845,Udinese,AC Milan,05/22/2011 19:45:00,4,65,1,81,0-0,37,37,3.5,1.53,6.5,3.3,1.65,5.75,3.75,1.45,6.5,2.9,1.5,5.5,3.75,1.44,6,40,23.2,23,112.55,2.81,45,26.2,22,361.35,8.03,79,74,73,74,83,80,80,80
257,443846,Palermo,Chievo,05/22/2011 17:00:00,8,56,14,43,1-3,37,37,1.75,3.5,4.75,1.75,3.45,4.5,1.75,3.25,4.75,1.7,3.2,4.5,1.73,3.2,4.33,45,22.7,17,87.8,1.95,43,25.7,21,55.2,1.28,80,75,76,76,72,73,72,72
258,443847,Brescia,Fiorentina,05/22/2011 17:00:00,19,31,9,50,2-2,37,37,3,3.2,2.4,2.95,3.15,2.35,2.9,3,2.4,2.7,3,2.5,2.75,3,2.38,43,24.7,19,49.1,1.14,42,23.4,22,207.73,4.95,72,68,69,69,79,79,75,77
259,443848,Genoa,Cesena,05/22/2011 17:00:00,10,48,15,43,3-2,37,37,1.65,3.6,5.5,1.65,4,4.4,1.67,3.4,5,1.6,3.3,5.2,1.67,3.3,4.5,45,23.8,22,168.7,3.75,45,24.9,22,64.9,1.44,77,77,76,77,72,70,67,70
